mid,following,follower,name,room_id,dahanghai,uid,datetime,filedate
1669777785,6,93802,露早,25512443,260,1669777785,2022-09-19-10-36,2022-09-19
1795147802,6,84413,柚恩,86724,403,1795147802,2022-09-19-10-37,2022-09-19
1778026586,7,106234,米诺,25512465,253,1778026586,2022-09-19-10-38,2022-09-19
1875044092,7,66380,莞儿,25512476,212,1875044092,2022-09-19-10-39,2022-09-19
1811071010,8,66277,虞莫,25512485,121,1811071010,2022-09-19-10-40,2022-09-19
1669777785,6,93808,露早,25512443,259,1669777785,2022-09-20-09-24,2022-09-20
1795147802,6,84306,柚恩,86724,402,1795147802,2022-09-20-09-25,2022-09-20
1778026586,7,106147,米诺,25512465,252,1778026586,2022-09-20-09-26,2022-09-20
1875044092,7,66376,莞儿,25512476,212,1875044092,2022-09-20-09-27,2022-09-20
1811071010,8,66250,虞莫,25512485,120,1811071010,2022-09-20-09-28,2022-09-20
1669777785,6,93871,露早,25512443,259,1669777785,2022-09-21-10-48,2022-09-21
1795147802,6,84385,柚恩,86724,402,1795147802,2022-09-21-10-49,2022-09-21
1778026586,7,106238,米诺,25512465,273,1778026586,2022-09-21-10-50,2022-09-21
1875044092,7,66375,莞儿,25512476,211,1875044092,2022-09-21-10-51,2022-09-21
1811071010,8,66346,虞莫,25512485,127,1811071010,2022-09-21-10-52,2022-09-21
1669777785,6,93915,露早,25512443,259,1669777785,2022-09-22-11-29,2022-09-22
1795147802,6,84486,柚恩,86724,400,1795147802,2022-09-22-11-31,2022-09-22
1778026586,7,106223,米诺,25512465,234,1778026586,2022-09-22-11-32,2022-09-22
1875044092,7,66501,莞儿,25512476,229,1875044092,2022-09-22-11-33,2022-09-22
1811071010,8,66311,虞莫,25512485,126,1811071010,2022-09-22-11-34,2022-09-22
1669777785,6,93907,露早,25512443,243,1669777785,2022-09-23-09-51,2022-09-23
1795147802,6,84485,柚恩,86724,405,1795147802,2022-09-23-09-52,2022-09-23
1778026586,7,106196,米诺,25512465,232,1778026586,2022-09-23-09-53,2022-09-23
1875044092,7,66591,莞儿,25512476,247,1875044092,2022-09-23-09-54,2022-09-23
1811071010,8,66282,虞莫,25512485,126,1811071010,2022-09-23-09-55,2022-09-23
1669777785,6,93945,露早,25512443,244,1669777785,2022-09-24-10-17,2022-09-24
1795147802,6,84439,柚恩,86724,389,1795147802,2022-09-24-10-18,2022-09-24
1778026586,7,106180,米诺,25512465,214,1778026586,2022-09-24-10-19,2022-09-24
1875044092,7,66758,莞儿,25512476,250,1875044092,2022-09-24-10-20,2022-09-24
1811071010,8,66279,虞莫,25512485,126,1811071010,2022-09-24-10-21,2022-09-24
1669777785,6,93951,露早,25512443,244,1669777785,2022-09-25-10-47,2022-09-25
1795147802,6,84444,柚恩,86724,390,1795147802,2022-09-25-10-48,2022-09-25
1778026586,7,106237,米诺,25512465,223,1778026586,2022-09-25-10-49,2022-09-25
1875044092,7,66800,莞儿,25512476,242,1875044092,2022-09-25-10-50,2022-09-25
1811071010,8,66311,虞莫,25512485,112,1811071010,2022-09-25-10-51,2022-09-25
1669777785,6,93119,露早,25512443,320,1669777785,2022-09-12-10-28,2022-09-12
1795147802,6,84927,柚恩,86724,354,1795147802,2022-09-12-10-29,2022-09-12
1778026586,7,106175,米诺,25512465,279,1778026586,2022-09-12-10-30,2022-09-12
1875044092,7,66210,莞儿,25512476,221,1875044092,2022-09-12-10-31,2022-09-12
1811071010,8,66286,虞莫,25512485,152,1811071010,2022-09-12-10-32,2022-09-12
1669777785,6,93248,露早,25512443,318,1669777785,2022-09-13-09-03,2022-09-13
1795147802,6,84968,柚恩,86724,353,1795147802,2022-09-13-09-04,2022-09-13
1778026586,7,106291,米诺,25512465,279,1778026586,2022-09-13-09-05,2022-09-13
1875044092,7,66278,莞儿,25512476,221,1875044092,2022-09-13-09-06,2022-09-13
1811071010,8,66368,虞莫,25512485,152,1811071010,2022-09-13-09-07,2022-09-13
1669777785,6,93390,露早,25512443,316,1669777785,2022-09-14-13-17,2022-09-14
1795147802,6,85258,柚恩,86724,359,1795147802,2022-09-14-13-18,2022-09-14
1778026586,7,106424,米诺,25512465,279,1778026586,2022-09-14-13-19,2022-09-14
1875044092,7,66430,莞儿,25512476,221,1875044092,2022-09-14-13-20,2022-09-14
1811071010,8,66478,虞莫,25512485,152,1811071010,2022-09-14-13-21,2022-09-14
1669777785,6,93735,露早,25512443,325,1669777785,2022-09-15-09-45,2022-09-15
1795147802,6,85315,柚恩,86724,359,1795147802,2022-09-15-09-46,2022-09-15
1778026586,7,106482,米诺,25512465,279,1778026586,2022-09-15-09-47,2022-09-15
1875044092,7,66774,莞儿,25512476,237,1875044092,2022-09-15-09-48,2022-09-15
1811071010,8,66555,虞莫,25512485,152,1811071010,2022-09-15-09-49,2022-09-15
1669777785,6,93827,露早,25512443,323,1669777785,2022-09-16-09-39,2022-09-16
1795147802,6,85368,柚恩,86724,359,1795147802,2022-09-16-09-40,2022-09-16
1778026586,7,106612,米诺,25512465,282,1778026586,2022-09-16-09-41,2022-09-16
1875044092,7,66832,莞儿,25512476,233,1875044092,2022-09-16-09-42,2022-09-16
1811071010,8,66795,虞莫,25512485,160,1811071010,2022-09-16-09-43,2022-09-16
1669777785,6,94103,露早,25512443,262,1669777785,2022-09-17-12-02,2022-09-17
1795147802,6,85179,柚恩,86724,358,1795147802,2022-09-17-12-03,2022-09-17
1778026586,7,106557,米诺,25512465,279,1778026586,2022-09-17-12-04,2022-09-17
1875044092,7,66789,莞儿,25512476,211,1875044092,2022-09-17-12-05,2022-09-17
1811071010,8,66710,虞莫,25512485,160,1811071010,2022-09-17-12-06,2022-09-17
1669777785,6,93905,露早,25512443,261,1669777785,2022-09-18-09-35,2022-09-18
1795147802,6,84518,柚恩,86724,340,1795147802,2022-09-18-09-36,2022-09-18
1778026586,7,106384,米诺,25512465,253,1778026586,2022-09-18-09-37,2022-09-18
1875044092,7,66518,莞儿,25512476,212,1875044092,2022-09-18-09-38,2022-09-18
1811071010,8,66435,虞莫,25512485,161,1811071010,2022-09-18-09-39,2022-09-18
1669777785,6,92171,露早,25512443,366,1669777785,2022-09-05-12-35,2022-09-05
1795147802,6,83839,柚恩,86724,323,1795147802,2022-09-05-12-36,2022-09-05
1778026586,7,105256,米诺,25512465,248,1778026586,2022-09-05-12-37,2022-09-05
1875044092,7,65144,莞儿,25512476,162,1875044092,2022-09-05-12-38,2022-09-05
1811071010,8,65571,虞莫,25512485,160,1811071010,2022-09-05-12-39,2022-09-05
1669777785,6,92220,露早,25512443,364,1669777785,2022-09-06-15-01,2022-09-06
1795147802,6,83845,柚恩,86724,322,1795147802,2022-09-06-15-02,2022-09-06
1778026586,7,105222,米诺,25512465,247,1778026586,2022-09-06-15-03,2022-09-06
1875044092,7,65164,莞儿,25512476,163,1875044092,2022-09-06-15-04,2022-09-06
1811071010,8,65596,虞莫,25512485,159,1811071010,2022-09-06-15-05,2022-09-06
1669777785,6,92269,露早,25512443,365,1669777785,2022-09-07-11-41,2022-09-07
1795147802,6,83874,柚恩,86724,321,1795147802,2022-09-07-11-42,2022-09-07
1778026586,7,105252,米诺,25512465,247,1778026586,2022-09-07-11-43,2022-09-07
1875044092,7,65195,莞儿,25512476,163,1875044092,2022-09-07-11-44,2022-09-07
1811071010,8,65947,虞莫,25512485,174,1811071010,2022-09-07-11-45,2022-09-07
1669777785,6,92346,露早,25512443,364,1669777785,2022-09-08-14-41,2022-09-08
1795147802,6,84101,柚恩,86724,337,1795147802,2022-09-08-14-42,2022-09-08
1778026586,7,105637,米诺,25512465,270,1778026586,2022-09-08-14-43,2022-09-08
1875044092,7,65241,莞儿,25512476,163,1875044092,2022-09-08-14-44,2022-09-08
1811071010,8,65990,虞莫,25512485,174,1811071010,2022-09-08-14-44,2022-09-08
1669777785,6,92587,露早,25512443,378,1669777785,2022-09-09-09-22,2022-09-09
1795147802,6,84123,柚恩,86724,337,1795147802,2022-09-09-09-23,2022-09-09
1778026586,7,105613,米诺,25512465,271,1778026586,2022-09-09-09-24,2022-09-09
1875044092,7,65815,莞儿,25512476,221,1875044092,2022-09-09-09-25,2022-09-09
1811071010,8,66014,虞莫,25512485,175,1811071010,2022-09-09-09-26,2022-09-09
1669777785,6,92778,露早,25512443,377,1669777785,2022-09-10-10-35,2022-09-10
1795147802,6,84751,柚恩,86724,377,1795147802,2022-09-10-10-36,2022-09-10
1778026586,7,105669,米诺,25512465,249,1778026586,2022-09-10-10-37,2022-09-10
1875044092,7,65943,莞儿,25512476,221,1875044092,2022-09-10-10-38,2022-09-10
1811071010,8,66127,虞莫,25512485,154,1811071010,2022-09-10-10-39,2022-09-10
1669777785,6,92973,露早,25512443,344,1669777785,2022-09-11-11-40,2022-09-11
1795147802,6,84822,柚恩,86724,355,1795147802,2022-09-11-11-41,2022-09-11
1778026586,7,106041,米诺,25512465,272,1778026586,2022-09-11-11-42,2022-09-11
1875044092,7,66087,莞儿,25512476,221,1875044092,2022-09-11-11-43,2022-09-11
1811071010,8,66223,虞莫,25512485,153,1811071010,2022-09-11-11-44,2022-09-11
1669777785,6,90451,露早,25512443,665,1669777785,2022-08-29-09-29,2022-08-29
1795147802,7,82958,柚恩,86724,961,1795147802,2022-08-29-09-30,2022-08-29
1778026586,7,104822,米诺,25512465,455,1778026586,2022-08-29-09-31,2022-08-29
1875044092,7,64412,莞儿,25512476,283,1875044092,2022-08-29-09-32,2022-08-29
1811071010,8,64699,虞莫,25512485,233,1811071010,2022-08-29-09-32,2022-08-29
1669777785,6,90558,露早,25512443,457,1669777785,2022-08-30-09-56,2022-08-30
1795147802,7,83053,柚恩,86724,522,1795147802,2022-08-30-09-57,2022-08-30
1778026586,7,104861,米诺,25512465,312,1778026586,2022-08-30-09-58,2022-08-30
1875044092,7,64480,莞儿,25512476,181,1875044092,2022-08-30-09-59,2022-08-30
1811071010,8,64804,虞莫,25512485,166,1811071010,2022-08-30-10-00,2022-08-30
1669777785,6,90761,露早,25512443,452,1669777785,2022-08-31-13-46,2022-08-31
1795147802,7,83139,柚恩,86724,509,1795147802,2022-08-31-13-47,2022-08-31
1778026586,7,104947,米诺,25512465,301,1778026586,2022-08-31-13-48,2022-08-31
1875044092,7,64841,莞儿,25512476,212,1875044092,2022-08-31-13-48,2022-08-31
1811071010,8,64908,虞莫,25512485,171,1811071010,2022-08-31-13-49,2022-08-31
1669777785,6,90861,露早,25512443,450,1669777785,2022-09-01-09-36,2022-09-01
1795147802,7,83410,柚恩,86724,520,1795147802,2022-09-01-09-37,2022-09-01
1778026586,7,104971,米诺,25512465,301,1778026586,2022-09-01-09-38,2022-09-01
1875044092,7,64895,莞儿,25512476,210,1875044092,2022-09-01-09-39,2022-09-01
1811071010,8,64994,虞莫,25512485,171,1811071010,2022-09-01-09-40,2022-09-01
1669777785,6,92051,露早,25512443,478,1669777785,2022-09-02-09-02,2022-09-02
1795147802,6,83690,柚恩,86724,537,1795147802,2022-09-02-09-03,2022-09-02
1778026586,7,105059,米诺,25512465,250,1778026586,2022-09-02-09-04,2022-09-02
1875044092,7,65000,莞儿,25512476,207,1875044092,2022-09-02-09-05,2022-09-02
1811071010,8,65103,虞莫,25512485,171,1811071010,2022-09-02-09-06,2022-09-02
1669777785,6,92090,露早,25512443,476,1669777785,2022-09-03-09-36,2022-09-03
1795147802,6,83747,柚恩,86724,494,1795147802,2022-09-03-09-37,2022-09-03
1778026586,7,105131,米诺,25512465,249,1778026586,2022-09-03-09-38,2022-09-03
1875044092,7,65064,莞儿,25512476,207,1875044092,2022-09-03-09-38,2022-09-03
1811071010,8,65464,虞莫,25512485,183,1811071010,2022-09-03-09-39,2022-09-03
1669777785,6,92115,露早,25512443,369,1669777785,2022-09-04-09-36,2022-09-04
1795147802,6,83795,柚恩,86724,491,1795147802,2022-09-04-09-37,2022-09-04
1778026586,7,105172,米诺,25512465,249,1778026586,2022-09-04-09-38,2022-09-04
1875044092,7,65096,莞儿,25512476,163,1875044092,2022-09-04-09-38,2022-09-04
1811071010,8,65491,虞莫,25512485,183,1811071010,2022-09-04-09-39,2022-09-04
1669777785,6,87501,露早,25512443,1212,1669777785,2022-08-18-11-53,2022-08-18
1795147802,7,79307,柚恩,86724,1678,1795147802,2022-08-18-11-54,2022-08-18
1778026586,7,101838,米诺,25512465,1105,1778026586,2022-08-18-11-56,2022-08-18
1875044092,7,61748,莞儿,25512476,370,1875044092,2022-08-18-11-57,2022-08-18
1811071010,7,59299,虞莫,25512485,298,1811071010,2022-08-18-11-58,2022-08-18
1669777785,6,87855,露早,25512443,1213,1669777785,2022-08-19-08-53,2022-08-19
1795147802,7,79941,柚恩,86724,1703,1795147802,2022-08-19-08-54,2022-08-19
1778026586,7,102612,米诺,25512465,1138,1778026586,2022-08-19-08-56,2022-08-19
1875044092,7,61947,莞儿,25512476,370,1875044092,2022-08-19-08-57,2022-08-19
1811071010,7,59717,虞莫,25512485,298,1811071010,2022-08-19-08-58,2022-08-19
1669777785,6,88061,露早,25512443,1208,1669777785,2022-08-20-08-53,2022-08-20
1795147802,7,80185,柚恩,86724,1705,1795147802,2022-08-20-08-55,2022-08-20
1778026586,7,102858,米诺,25512465,1137,1778026586,2022-08-20-08-56,2022-08-20
1875044092,7,62168,莞儿,25512476,368,1875044092,2022-08-20-08-58,2022-08-20
1811071010,7,60922,虞莫,25512485,344,1811071010,2022-08-20-08-58,2022-08-20
1669777785,6,88365,露早,25512443,1205,1669777785,2022-08-21-08-09,2022-08-21
1795147802,7,80468,柚恩,86724,1700,1795147802,2022-08-21-08-11,2022-08-21
1778026586,7,103120,米诺,25512465,1134,1778026586,2022-08-21-08-12,2022-08-21
1875044092,7,62474,莞儿,25512476,364,1875044092,2022-08-21-08-14,2022-08-21
1811071010,7,62006,虞莫,25512485,345,1811071010,2022-08-21-08-14,2022-08-21
1669777785,6,88664,露早,25512443,1195,1669777785,2022-08-22-10-17,2022-08-22
1795147802,7,80737,柚恩,86724,1689,1795147802,2022-08-22-10-18,2022-08-22
1778026586,7,103385,米诺,25512465,1127,1778026586,2022-08-22-10-20,2022-08-22
1875044092,7,62723,莞儿,25512476,361,1875044092,2022-08-22-10-21,2022-08-22
1811071010,7,62470,虞莫,25512485,343,1811071010,2022-08-22-10-22,2022-08-22
1669777785,6,88874,露早,25512443,1165,1669777785,2022-08-23-09-58,2022-08-23
1795147802,7,81044,柚恩,86724,1659,1795147802,2022-08-23-09-59,2022-08-23
1778026586,7,103617,米诺,25512465,667,1778026586,2022-08-23-10-01,2022-08-23
1875044092,7,62903,莞儿,25512476,354,1875044092,2022-08-23-10-02,2022-08-23
1811071010,7,62812,虞莫,25512485,336,1811071010,2022-08-23-10-03,2022-08-23
1669777785,6,89638,露早,25512443,1172,1669777785,2022-08-24-09-13,2022-08-24
1795147802,7,81307,柚恩,86724,1645,1795147802,2022-08-24-09-14,2022-08-24
1778026586,7,103844,米诺,25512465,661,1778026586,2022-08-24-09-16,2022-08-24
1875044092,7,63133,莞儿,25512476,354,1875044092,2022-08-24-09-17,2022-08-24
1811071010,7,63128,虞莫,25512485,332,1811071010,2022-08-24-09-18,2022-08-24
1669777785,6,89785,露早,25512443,1169,1669777785,2022-08-25-09-52,2022-08-25
1795147802,7,82050,柚恩,86724,1659,1795147802,2022-08-25-09-53,2022-08-25
1778026586,7,104227,米诺,25512465,681,1778026586,2022-08-25-09-55,2022-08-25
1875044092,7,63310,莞儿,25512476,352,1875044092,2022-08-25-09-56,2022-08-25
1811071010,7,63388,虞莫,25512485,331,1811071010,2022-08-25-09-57,2022-08-25
1669777785,6,90005,露早,25512443,1166,1669777785,2022-08-26-11-03,2022-08-26
1795147802,7,82396,柚恩,86724,1655,1795147802,2022-08-26-11-04,2022-08-26
1778026586,7,104400,米诺,25512465,683,1778026586,2022-08-26-11-06,2022-08-26
1875044092,7,63769,莞儿,25512476,364,1875044092,2022-08-26-11-07,2022-08-26
1811071010,8,64024,虞莫,25512485,346,1811071010,2022-08-26-11-07,2022-08-26
1669777785,6,90182,露早,25512443,1163,1669777785,2022-08-27-09-21,2022-08-27
1795147802,7,82606,柚恩,86724,1652,1795147802,2022-08-27-09-22,2022-08-27
1778026586,7,104563,米诺,25512465,684,1778026586,2022-08-27-09-24,2022-08-27
1875044092,7,64242,莞儿,25512476,294,1875044092,2022-08-27-09-28,2022-08-27
1811071010,8,64349,虞莫,25512485,243,1811071010,2022-08-27-09-28,2022-08-27
1669777785,6,90317,露早,25512443,690,1669777785,2022-08-28-09-12,2022-08-28
1795147802,7,82799,柚恩,86724,993,1795147802,2022-08-28-09-13,2022-08-28
1778026586,7,104693,米诺,25512465,469,1778026586,2022-08-28-09-14,2022-08-28
1875044092,7,64321,莞儿,25512476,286,1875044092,2022-08-28-09-15,2022-08-28
1811071010,8,64557,虞莫,25512485,238,1811071010,2022-08-28-09-16,2022-08-28
